central_tendecy,standard_deviation
136.896,7.71811952381908
0.297222222,1
